population size,population type,scenario,1st year vaccination coverage,transmission potential level,boosting starts,immune escape starts,time period,total_mean_infections_all_ages,total_mean_symptomatic_infections_all_ages,total_mean_admissions_all_ages,total_mean_ward_occupancy_all_ages,total_mean_ICU_admissions_all_ages,total_mean_ICU_occupancy_all_ages,total_mean_deaths_ages_all_ages,total_mean_deaths_ages_0-9,total_mean_deaths_ages_10-19,total_mean_deaths_ages_20-29,total_mean_deaths_ages_30-39,total_mean_deaths_ages_40-49,total_mean_deaths_ages_50-59,total_mean_deaths_ages_60-69,total_mean_deaths_ages_70-79,total_mean_deaths_ages_80+
100000,older,no further boosting,80.0%,TP_low,never,1.5 (year),1.5 - 3.0 years,99008.91,35706.586,434.9702,3495.2954,43.8678,340.988,39.1382,0.0166,0.006,0.112,0.295,0.8426,4.1418,10.2142,18.3392,5.1708
100000,older,no further boosting,80.0%,TP_low,never,1.75 (year),1.5 - 3.0 years,71853.118,26499.325,353.3516,2896.426,35.1546,269.8266,32.722,0.0106,0.0058,0.0956,0.2454,0.717,3.4078,8.4852,15.328,4.4266
100000,older,no further boosting,80.0%,TP_low,never,2.0 (year),1.5 - 3.0 years,64197.846,24136.576,344.1912,2897.189,34.3602,272.3118,33.5778,0.0118,0.0058,0.0988,0.2512,0.7302,3.551,8.6714,15.7438,4.5138
100000,older,no further boosting,80.0%,TP_low,never,2.25 (year),1.5 - 3.0 years,67904.056,25424.747,362.194,2953.2308,35.3918,281.8944,33.1716,0.0104,0.0052,0.1118,0.2808,0.7786,3.5502,8.5602,15.417,4.4574
100000,older,no further boosting,80.0%,TP_low,never,2.5 (year),1.5 - 3.0 years,77090.927,28468.322,383.3676,2777.4692,38.2482,284.0158,30.615,0.0082,0.0056,0.1098,0.2658,0.7342,3.4864,8.0474,14.1774,3.7802
100000,older,further boosting pediatric,80.0%,TP_low,1.75 (year),1.5 (year),1.5 - 3.0 years,97585.973,35298.225,433.9792,3494.9538,43.8568,339.7566,39.1942,0.014,0.006,0.1192,0.3172,0.8472,4.1754,10.047,18.4408,5.2274
100000,older,further boosting pediatric,80.0%,TP_low,2.0 (year),1.5 (year),1.5 - 3.0 years,97325.423,35240.197,432.5172,3465.8068,43.7326,339.0888,38.8568,0.0162,0.0092,0.1158,0.296,0.8394,4.1526,10.0702,18.1562,5.2012
100000,older,further boosting pediatric,80.0%,TP_low,2.25 (year),1.5 (year),1.5 - 3.0 years,96247.997,34927.451,429.6578,3446.6656,43.3528,334.1266,38.5716,0.0176,0.0068,0.1212,0.2928,0.8294,4.1228,9.9862,18.0744,5.1204
100000,older,further boosting pediatric,80.0%,TP_low,2.5 (year),1.5 (year),1.5 - 3.0 years,95390.296,34648.453,427.5382,3449.2734,42.8746,331.525,38.6722,0.0162,0.0064,0.1184,0.291,0.8266,4.0556,10.004,18.163,5.191
100000,older,further boosting pediatric,80.0%,TP_low,1.75 (year),1.75 (year),1.5 - 3.0 years,70447.114,26051.179,352.47,2908.099,35.3134,270.8852,32.6136,0.0106,0.0038,0.0938,0.2362,0.7008,3.4166,8.4082,15.3472,4.3964
100000,older,further boosting pediatric,80.0%,TP_low,2.0 (year),1.75 (year),1.5 - 3.0 years,70226.482,25979.263,350.247,2887.1748,35.0254,268.3062,32.5516,0.0108,0.0062,0.0934,0.248,0.7058,3.3608,8.4006,15.296,4.43
100000,older,further boosting pediatric,80.0%,TP_low,2.25 (year),1.75 (year),1.5 - 3.0 years,69712.43,25792.956,347.3834,2875.4132,34.6976,269.6258,32.37,0.0126,0.003,0.0982,0.236,0.7094,3.3938,8.3294,15.2716,4.316
100000,older,further boosting pediatric,80.0%,TP_low,2.5 (year),1.75 (year),1.5 - 3.0 years,69170.506,25604.031,346.1212,2873.5048,34.7286,271.4028,32.5412,0.0108,0.004,0.0888,0.2398,0.6852,3.4216,8.3878,15.2926,4.4106
100000,older,further boosting pediatric,80.0%,TP_low,1.75 (year),2.0 (year),1.5 - 3.0 years,62988.761,23735.845,342.2912,2874.359,34.2566,271.244,33.488,0.0108,0.0046,0.1014,0.2596,0.7214,3.5918,8.6752,15.605,4.5182
100000,older,further boosting pediatric,80.0%,TP_low,2.0 (year),2.0 (year),1.5 - 3.0 years,62245.639,23488.606,340.317,2853.6148,34.1296,270.1144,33.1676,0.0098,0.0036,0.1124,0.256,0.7252,3.5684,8.5566,15.5392,4.3964
100000,older,further boosting pediatric,80.0%,TP_low,2.25 (year),2.0 (year),1.5 - 3.0 years,63650.014,23963.335,342.1056,2879.965,34.2682,272.0168,33.426,0.0106,0.0072,0.1038,0.257,0.7298,3.5518,8.6468,15.622,4.497
100000,older,further boosting pediatric,80.0%,TP_low,2.5 (year),2.0 (year),1.5 - 3.0 years,64020.791,24075.44,342.721,2868.872,34.1738,270.5782,33.3562,0.0094,0.0062,0.0994,0.2634,0.7368,3.543,8.6316,15.598,4.4684
100000,older,further boosting pediatric,80.0%,TP_low,1.75 (year),2.25 (year),1.5 - 3.0 years,66485.958,24995.901,362.6692,2947.6368,35.3662,283.2642,33.118,0.0114,0.0044,0.1112,0.2742,0.8136,3.5606,8.5348,15.3852,4.4226
100000,older,further boosting pediatric,80.0%,TP_low,2.0 (year),2.25 (year),1.5 - 3.0 years,66462.401,24966.316,361.9044,2942.4436,35.3146,280.2896,33.1248,0.0074,0.0038,0.1086,0.2808,0.8024,3.5774,8.6194,15.287,4.438
100000,older,further boosting pediatric,80.0%,TP_low,2.25 (year),2.25 (year),1.5 - 3.0 years,66019.835,24804.823,359.5038,2915.4258,35.1582,279.6748,32.916,0.0086,0.0038,0.1038,0.291,0.7796,3.5636,8.5446,15.2236,4.3974
100000,older,further boosting pediatric,80.0%,TP_low,2.5 (year),2.25 (year),1.5 - 3.0 years,67373.08,25251.546,361.0296,2946.0142,35.1624,283.958,33.2266,0.0084,0.0054,0.1076,0.293,0.7868,3.5406,8.6634,15.3572,4.4642
100000,older,further boosting pediatric,80.0%,TP_low,1.75 (year),2.5 (year),1.5 - 3.0 years,74807.65,27752.316,380.5992,2763.0482,37.4314,279.0236,30.1128,0.0076,0.0048,0.1084,0.2494,0.7356,3.3684,7.963,13.869,3.8066
100000,older,further boosting pediatric,80.0%,TP_low,2.0 (year),2.5 (year),1.5 - 3.0 years,74856.568,27796.997,381.8468,2767.8582,37.4702,278.1062,30.1454,0.0084,0.0034,0.1034,0.2478,0.7134,3.3796,8.0164,13.8802,3.7928
100000,older,further boosting pediatric,80.0%,TP_low,2.25 (year),2.5 (year),1.5 - 3.0 years,75370.908,27945.911,380.9038,2762.7594,37.6236,279.1972,30.1536,0.0086,0.0038,0.105,0.2506,0.7126,3.392,8.0496,13.9326,3.6988
100000,older,further boosting pediatric,80.0%,TP_low,2.5 (year),2.5 (year),1.5 - 3.0 years,75111.443,27819.74,377.669,2725.9908,37.3206,276.9152,29.701,0.0084,0.004,0.1074,0.2576,0.6996,3.3298,7.8566,13.7594,3.6782
100000,older,further boosting high risk,80.0%,TP_low,1.75 (year),1.5 (year),1.5 - 3.0 years,97649.757,34924.718,394.2506,3066.9334,39.9294,306.6156,34.1608,0.0146,0.0066,0.1218,0.293,0.8734,4.0686,9.0502,15.3736,4.359
100000,older,further boosting high risk,80.0%,TP_low,2.0 (year),1.5 (year),1.5 - 3.0 years,97424.605,34899.167,402.3072,3204.5304,40.804,314.2032,35.9708,0.0154,0.0064,0.1222,0.2998,0.8274,4.1454,9.4344,16.455,4.6648
100000,older,further boosting high risk,80.0%,TP_low,2.25 (year),1.5 (year),1.5 - 3.0 years,96250.136,34375.861,387.3766,3077.168,38.9284,301.9544,34.1816,0.0162,0.008,0.1018,0.2756,0.8266,4.0272,9.049,15.3834,4.4938
100000,older,further boosting high risk,80.0%,TP_low,2.5 (year),1.5 (year),1.5 - 3.0 years,95242.514,33920.752,376.7646,3020.602,37.5964,290.9416,33.2518,0.014,0.008,0.1172,0.2804,0.799,3.9056,8.8592,14.885,4.3834
100000,older,further boosting high risk,80.0%,TP_low,1.75 (year),1.75 (year),1.5 - 3.0 years,70573.02,25503.024,272.9406,2013.5958,28.566,218.8724,22.6128,0.0108,0.0076,0.1084,0.2516,0.7358,3.5084,6.3138,9.0658,2.6106
100000,older,further boosting high risk,80.0%,TP_low,2.0 (year),1.75 (year),1.5 - 3.0 years,70209.315,25741.646,326.784,2659.9936,33.311,260.2362,30.0598,0.0136,0.0066,0.0992,0.2442,0.7228,3.4494,7.8384,13.7202,3.9654
100000,older,further boosting high risk,80.0%,TP_low,2.25 (year),1.75 (year),1.5 - 3.0 years,69556.094,25618.645,338.8954,2838.7424,34.348,268.6086,31.9466,0.0096,0.005,0.0884,0.244,0.7016,3.457,8.2294,14.9346,4.277
100000,older,further boosting high risk,80.0%,TP_low,2.5 (year),1.75 (year),1.5 - 3.0 years,69392.7,25533.672,337.2056,2860.0214,34.2256,271.2898,32.5114,0.0104,0.0072,0.0924,0.257,0.7206,3.5016,8.4162,15.1514,4.3546
100000,older,further boosting high risk,80.0%,TP_low,1.75 (year),2.0 (year),1.5 - 3.0 years,63029.136,23338.486,274.478,2119.2916,28.2738,222.7722,24.6058,0.0104,0.0058,0.102,0.2518,0.6962,3.4922,6.8264,10.243,2.978
100000,older,further boosting high risk,80.0%,TP_low,2.0 (year),2.0 (year),1.5 - 3.0 years,62292.232,22856.351,251.9178,1888.2018,26.3874,208.169,21.829,0.0096,0.0086,0.104,0.2558,0.7278,3.499,6.1888,8.6352,2.4002
100000,older,further boosting high risk,80.0%,TP_low,2.25 (year),2.0 (year),1.5 - 3.0 years,63620.295,23809.932,326.3312,2704.1928,32.8676,259.1342,31.3318,0.0094,0.0068,0.1034,0.268,0.725,3.5394,8.2494,14.3002,4.1302
100000,older,further boosting high risk,80.0%,TP_low,2.5 (year),2.0 (year),1.5 - 3.0 years,64034.576,24061.526,341.6272,2876.7734,34.099,271.706,33.3394,0.0098,0.006,0.1048,0.2522,0.717,3.5374,8.7076,15.554,4.4506
100000,older,further boosting high risk,80.0%,TP_low,1.75 (year),2.25 (year),1.5 - 3.0 years,66419.136,24708.443,315.897,2425.3432,31.4036,246.3558,27.4546,0.0102,0.007,0.1072,0.286,0.7834,3.549,7.3502,11.9054,3.4562
100000,older,further boosting high risk,80.0%,TP_low,2.0 (year),2.25 (year),1.5 - 3.0 years,66498.134,24528.132,291.402,2156.9566,29.51,230.1422,24.5036,0.0096,0.0066,0.1022,0.2798,0.7756,3.6064,6.8014,10.0512,2.8708
100000,older,further boosting high risk,80.0%,TP_low,2.25 (year),2.25 (year),1.5 - 3.0 years,65824.269,24098.626,273.6032,1978.255,27.793,214.1822,22.2866,0.0108,0.0074,0.1074,0.2628,0.767,3.6042,6.1642,8.8342,2.5286
100000,older,further boosting high risk,80.0%,TP_low,2.5 (year),2.25 (year),1.5 - 3.0 years,67227.848,25053.537,343.099,2748.1464,33.7332,267.9772,30.9922,0.0104,0.0054,0.1148,0.298,0.791,3.515,8.1364,14.083,4.0382
100000,older,further boosting high risk,80.0%,TP_low,1.75 (year),2.5 (year),1.5 - 3.0 years,74637.677,27389.443,338.658,2331.8738,33.4396,248.3924,24.7492,0.0074,0.0044,0.1,0.2532,0.693,3.2876,6.8024,10.6492,2.952
100000,older,further boosting high risk,80.0%,TP_low,2.0 (year),2.5 (year),1.5 - 3.0 years,74839.103,27348.2,322.857,2187.8614,32.1098,238.8734,23.3002,0.0076,0.0042,0.1036,0.2408,0.6828,3.3458,6.5602,9.7098,2.6454
100000,older,further boosting high risk,80.0%,TP_low,2.25 (year),2.5 (year),1.5 - 3.0 years,75479.259,27464.961,312.5784,2124.617,31.0894,231.0212,22.8022,0.0088,0.0046,0.1084,0.2398,0.6828,3.3034,6.4002,9.476,2.5782
100000,older,further boosting high risk,80.0%,TP_low,2.5 (year),2.5 (year),1.5 - 3.0 years,74886.679,27166.377,302.1262,2076.8708,30.27,224.548,22.1524,0.0082,0.0048,0.098,0.2424,0.677,3.244,6.065,9.2734,2.5396
100000,older,further boosting random,80.0%,TP_low,1.75 (year),1.5 (year),1.5 - 3.0 years,95981.659,34572.127,417.7564,3342.268,41.9178,323.3336,37.2918,0.013,0.006,0.1096,0.2876,0.8216,3.9422,9.6866,17.4214,5.0038
100000,older,further boosting random,80.0%,TP_low,2.0 (year),1.5 (year),1.5 - 3.0 years,93865.928,33903.85,410.1462,3256.1824,41.1676,314.2656,36.2486,0.0144,0.0066,0.1128,0.2806,0.7946,3.877,9.3894,16.9084,4.8648
100000,older,further boosting random,80.0%,TP_low,2.25 (year),1.5 (year),1.5 - 3.0 years,90371.95,32672.391,395.0572,3148.443,39.2932,300.5794,34.8752,0.0166,0.0062,0.1054,0.2582,0.7656,3.749,8.9642,16.3304,4.6796
100000,older,further boosting random,80.0%,TP_low,2.5 (year),1.5 (year),1.5 - 3.0 years,88676.559,32039.401,386.2268,3138.9414,37.3594,291.8552,34.2338,0.012,0.0046,0.1048,0.2556,0.7554,3.6062,8.8782,16.0296,4.5874
100000,older,further boosting random,80.0%,TP_low,1.75 (year),1.75 (year),1.5 - 3.0 years,69188.417,25292.456,324.9142,2688.0142,32.7204,253.5026,30.3476,0.011,0.0056,0.0976,0.2446,0.6716,3.2022,7.7632,14.2452,4.1066
100000,older,further boosting random,80.0%,TP_low,2.0 (year),1.75 (year),1.5 - 3.0 years,67679.304,24979.29,334.4818,2797.1654,33.7294,262.761,31.6746,0.0082,0.007,0.0946,0.2378,0.682,3.3024,8.1664,14.9128,4.2634
100000,older,further boosting random,80.0%,TP_low,2.25 (year),1.75 (year),1.5 - 3.0 years,66022.285,24450.86,332.838,2834.8106,33.738,267.745,32.1902,0.0098,0.0054,0.0944,0.2408,0.7308,3.3444,8.2272,15.1558,4.3816
100000,older,further boosting random,80.0%,TP_low,2.5 (year),1.75 (year),1.5 - 3.0 years,65656.702,24318.382,330.6734,2820.075,33.0022,262.1468,32.0444,0.0118,0.0076,0.099,0.2416,0.7124,3.3744,8.1824,15.0398,4.3754
100000,older,further boosting random,80.0%,TP_low,1.75 (year),2.0 (year),1.5 - 3.0 years,61929.596,23135.959,318.0794,2672.1048,31.7926,251.316,30.9016,0.0092,0.008,0.0944,0.2342,0.6886,3.2968,7.963,14.4562,4.1512
100000,older,further boosting random,80.0%,TP_low,2.0 (year),2.0 (year),1.5 - 3.0 years,60873.093,22629.517,306.9488,2569.545,30.7048,244.459,29.8392,0.01,0.0036,0.094,0.2326,0.6686,3.1798,7.7556,13.8954,3.9996
100000,older,further boosting random,80.0%,TP_low,2.25 (year),2.0 (year),1.5 - 3.0 years,63241.885,23751.169,335.6806,2811.9226,33.1926,263.7744,32.3114,0.012,0.0066,0.1018,0.2644,0.7142,3.3954,8.314,15.1076,4.3954
100000,older,further boosting random,80.0%,TP_low,2.5 (year),2.0 (year),1.5 - 3.0 years,63890.837,24020.803,341.8342,2868.293,33.4976,265.1198,32.5916,0.0088,0.0064,0.1008,0.2578,0.73,3.4002,8.4838,15.1692,4.4346
100000,older,further boosting random,80.0%,TP_low,1.75 (year),2.25 (year),1.5 - 3.0 years,64986.16,24381.839,348.2744,2808.7114,34.0596,269.2454,31.8514,0.0112,0.0058,0.1154,0.2662,0.7742,3.4532,8.3364,14.6894,4.1996
100000,older,further boosting random,80.0%,TP_low,2.0 (year),2.25 (year),1.5 - 3.0 years,65070.076,24236.38,337.2944,2695.75,33.0928,259.3952,30.718,0.0112,0.0066,0.1042,0.269,0.7384,3.3694,7.9042,14.2294,4.0856
100000,older,further boosting random,80.0%,TP_low,2.25 (year),2.25 (year),1.5 - 3.0 years,64355.825,23853.637,327.7772,2615.9972,31.9652,249.2168,29.6842,0.0112,0.0042,0.0996,0.2592,0.7302,3.2706,7.7316,13.6348,3.9428
100000,older,further boosting random,80.0%,TP_low,2.5 (year),2.25 (year),1.5 - 3.0 years,66893.763,25012.407,354.2466,2868.5774,34.49,275.424,32.3956,0.01,0.006,0.1074,0.2764,0.7768,3.4768,8.4298,15.007,4.3054
100000,older,further boosting random,80.0%,TP_low,1.75 (year),2.5 (year),1.5 - 3.0 years,71036.431,26420.33,364.9272,2653.8962,35.6144,271.1592,28.3088,0.011,0.007,0.1014,0.2314,0.6878,3.1658,7.5032,13.0078,3.5934
100000,older,further boosting random,80.0%,TP_low,2.0 (year),2.5 (year),1.5 - 3.0 years,71591.853,26532.724,359.7436,2621.809,35.107,268.0346,28.0282,0.0064,0.0044,0.0928,0.2408,0.6906,3.1452,7.4534,12.8948,3.4998
100000,older,further boosting random,80.0%,TP_low,2.25 (year),2.5 (year),1.5 - 3.0 years,73402.823,26994.388,352.5676,2532.5856,34.2698,253.8976,26.8566,0.0094,0.005,0.1036,0.2402,0.6738,3.0352,7.089,12.3342,3.3662
100000,older,further boosting random,80.0%,TP_low,2.5 (year),2.5 (year),1.5 - 3.0 years,72792.702,26693.525,344.3382,2477.8928,33.33,245.2294,26.2688,0.0092,0.0036,0.0826,0.2314,0.6314,2.9678,6.9272,12.1104,3.3052
100000,younger,no further boosting,80.0%,TP_low,never,1.5 (year),1.5 - 3.0 years,94794.288,29524.744,204.7664,1364.499,20.7092,159.4818,15.5662,0.0402,0.0158,0.1288,0.2312,0.5036,2.316,4.8266,6.811,0.693
100000,younger,no further boosting,80.0%,TP_low,never,1.75 (year),1.5 - 3.0 years,83806.763,26654.451,203.6008,1403.7696,20.1372,152.6002,14.845,0.0348,0.0158,0.118,0.2322,0.5118,2.0626,4.337,6.7126,0.8202
100000,younger,no further boosting,80.0%,TP_low,never,2.0 (year),1.5 - 3.0 years,63453.104,20732.991,184.5324,1340.8264,18.3292,142.9732,15.2586,0.0352,0.0148,0.124,0.2238,0.4664,2.0598,4.2544,7.0946,0.9856
100000,younger,no further boosting,80.0%,TP_low,never,2.25 (year),1.5 - 3.0 years,66707.842,21827.777,200.6694,1441.3156,20.0206,155.1016,16.3376,0.0274,0.0132,0.1158,0.249,0.5206,2.204,4.5576,7.608,1.042
100000,younger,no further boosting,80.0%,TP_low,never,2.5 (year),1.5 - 3.0 years,78516.074,25326.218,209.729,1414.5682,20.8168,156.4264,15.2242,0.028,0.0134,0.119,0.2136,0.4772,2.0786,4.408,7.02,0.8664
100000,younger,further boosting pediatric,80.0%,TP_low,1.75 (year),1.5 (year),1.5 - 3.0 years,93195.496,29095.873,203.7308,1372.7922,20.8314,157.8612,15.7086,0.039,0.0138,0.121,0.2336,0.5056,2.3066,4.8358,6.9464,0.7068
100000,younger,further boosting pediatric,80.0%,TP_low,2.0 (year),1.5 (year),1.5 - 3.0 years,93399.196,29213.123,204.7074,1372.2024,20.8788,157.6868,15.6174,0.0414,0.0162,0.1152,0.2316,0.5308,2.3022,4.7702,6.9184,0.6914
100000,younger,further boosting pediatric,80.0%,TP_low,2.25 (year),1.5 (year),1.5 - 3.0 years,92179.352,28873.182,202.718,1362.6032,20.8846,159.7132,15.5242,0.0446,0.0116,0.1124,0.231,0.5128,2.3468,4.7302,6.8428,0.692
100000,younger,further boosting pediatric,80.0%,TP_low,2.5 (year),1.5 (year),1.5 - 3.0 years,91302.519,28596.467,201.4016,1376.204,20.922,160.0542,15.7432,0.0438,0.0146,0.1226,0.23,0.493,2.3152,4.8762,6.9452,0.7026
100000,younger,further boosting pediatric,80.0%,TP_low,1.75 (year),1.75 (year),1.5 - 3.0 years,82121.817,26155.016,202.4934,1374.6318,19.9856,150.717,14.811,0.0426,0.0126,0.1164,0.2298,0.4754,2.061,4.3204,6.7296,0.8232
100000,younger,further boosting pediatric,80.0%,TP_low,2.0 (year),1.75 (year),1.5 - 3.0 years,81645.635,26043.661,200.6276,1375.419,19.7266,149.6808,14.6918,0.0376,0.0154,0.1118,0.236,0.4758,2.0434,4.2902,6.688,0.7936
100000,younger,further boosting pediatric,80.0%,TP_low,2.25 (year),1.75 (year),1.5 - 3.0 years,80385.329,25670.573,198.405,1356.2874,19.4752,147.5174,14.5106,0.0394,0.0132,0.1218,0.227,0.4844,2.0038,4.2246,6.5718,0.8246
100000,younger,further boosting pediatric,80.0%,TP_low,2.5 (year),1.75 (year),1.5 - 3.0 years,79845.44,25537.618,198.1084,1352.2138,19.6316,146.8788,14.6164,0.0418,0.0136,0.1164,0.2256,0.4782,2.0444,4.2396,6.6694,0.7874
100000,younger,further boosting pediatric,80.0%,TP_low,1.75 (year),2.0 (year),1.5 - 3.0 years,61977.369,20264.86,182.8678,1325.4652,18.517,142.8012,15.2234,0.032,0.0122,0.1034,0.2298,0.4844,2.0934,4.2242,7.0786,0.9654
100000,younger,further boosting pediatric,80.0%,TP_low,2.0 (year),2.0 (year),1.5 - 3.0 years,61349.053,20080.375,182.5986,1331.393,18.4606,142.5736,15.2998,0.0296,0.0104,0.103,0.2344,0.4734,2.1002,4.2086,7.1672,0.973
100000,younger,further boosting pediatric,80.0%,TP_low,2.25 (year),2.0 (year),1.5 - 3.0 years,63142.329,20647.932,183.5354,1335.7632,18.5448,143.0482,15.3694,0.0318,0.0128,0.1178,0.238,0.4892,2.0774,4.2628,7.174,0.9656
100000,younger,further boosting pediatric,80.0%,TP_low,2.5 (year),2.0 (year),1.5 - 3.0 years,63259.522,20676.087,183.3478,1337.3848,18.7236,145.654,15.4082,0.0314,0.0136,0.109,0.2228,0.471,2.1012,4.287,7.2114,0.9608
100000,younger,further boosting pediatric,80.0%,TP_low,1.75 (year),2.25 (year),1.5 - 3.0 years,65160.629,21385.483,202.5144,1460.3826,20.1418,155.2998,16.58,0.0318,0.0116,0.1182,0.2652,0.5344,2.1766,4.5768,7.7922,1.0732
100000,younger,further boosting pediatric,80.0%,TP_low,2.0 (year),2.25 (year),1.5 - 3.0 years,64807.206,21252.79,201.4732,1452.501,19.956,152.9724,16.2884,0.0308,0.012,0.121,0.2462,0.5216,2.1876,4.4742,7.6404,1.0546
100000,younger,further boosting pediatric,80.0%,TP_low,2.25 (year),2.25 (year),1.5 - 3.0 years,64361.983,21110.799,200.3436,1435.1726,19.9086,153.5886,16.1398,0.031,0.0118,0.12,0.2468,0.5304,2.2022,4.3992,7.575,1.0234
100000,younger,further boosting pediatric,80.0%,TP_low,2.5 (year),2.25 (year),1.5 - 3.0 years,66438.028,21746.234,200.188,1441.368,20.1072,155.814,16.2978,0.0314,0.013,0.1228,0.2486,0.544,2.1524,4.5068,7.655,1.0238
100000,younger,further boosting pediatric,80.0%,TP_low,1.75 (year),2.5 (year),1.5 - 3.0 years,76008.119,24607.461,208.7234,1421.7602,20.9516,161.139,15.2538,0.0258,0.0106,0.1118,0.2162,0.4738,2.1114,4.2896,7.1022,0.9124
100000,younger,further boosting pediatric,80.0%,TP_low,2.0 (year),2.5 (year),1.5 - 3.0 years,75603.574,24509.066,208.6674,1423.6404,21.0678,160.4014,15.2452,0.0326,0.0116,0.1064,0.2122,0.4796,2.0492,4.3002,7.143,0.9104
100000,younger,further boosting pediatric,80.0%,TP_low,2.25 (year),2.5 (year),1.5 - 3.0 years,76070.121,24617.541,207.479,1406.4318,20.8076,156.9302,15.1116,0.0264,0.012,0.1098,0.2088,0.4652,2.0664,4.286,7.0438,0.8932
100000,younger,further boosting pediatric,80.0%,TP_low,2.5 (year),2.5 (year),1.5 - 3.0 years,76190.4,24626.467,207.0908,1409.8986,20.8652,158.6458,15.0852,0.0284,0.0106,0.112,0.2056,0.4724,2.0444,4.2848,7.0228,0.9042
100000,younger,further boosting high risk,80.0%,TP_low,1.75 (year),1.5 (year),1.5 - 3.0 years,91107.452,28095.555,172.2668,1127.303,18.6038,142.6686,13.0052,0.045,0.017,0.1324,0.264,0.574,2.1942,3.8628,5.3254,0.5904
100000,younger,further boosting high risk,80.0%,TP_low,2.0 (year),1.5 (year),1.5 - 3.0 years,89083.945,27616.517,174.3306,1121.0482,17.5922,129.6484,12.3524,0.038,0.0134,0.1156,0.2248,0.4892,1.8838,3.6802,5.3606,0.5468
100000,younger,further boosting high risk,80.0%,TP_low,2.25 (year),1.5 (year),1.5 - 3.0 years,79015.858,24472.013,153.3418,1007.2038,15.9042,117.6128,11.2678,0.0342,0.0098,0.1026,0.1954,0.4466,1.7316,3.3446,4.8918,0.5112
100000,younger,further boosting high risk,80.0%,TP_low,2.5 (year),1.5 (year),1.5 - 3.0 years,76643.648,23617.646,149.5088,1031.5562,15.611,118.8782,11.7498,0.0372,0.0092,0.1062,0.2148,0.4708,1.8392,3.502,5.0304,0.54
100000,younger,further boosting high risk,80.0%,TP_low,1.75 (year),1.75 (year),1.5 - 3.0 years,75017.887,23246.511,129.5102,753.915,13.445,95.4604,8.1318,0.0396,0.017,0.1196,0.2304,0.4964,1.5612,2.1314,3.2068,0.3294
100000,younger,further boosting high risk,80.0%,TP_low,2.0 (year),1.75 (year),1.5 - 3.0 years,67009.608,21288.346,157.8732,1092.3562,15.5258,119.0272,11.9622,0.0372,0.0126,0.1164,0.2162,0.424,1.765,3.3698,5.3352,0.6858
100000,younger,further boosting high risk,80.0%,TP_low,2.25 (year),1.75 (year),1.5 - 3.0 years,62223.406,19898.434,156.291,1114.465,15.5572,119.5762,12.613,0.0326,0.0126,0.1046,0.2028,0.4106,1.7784,3.6584,5.7138,0.6992
100000,younger,further boosting high risk,80.0%,TP_low,2.5 (year),1.75 (year),1.5 - 3.0 years,61306.533,19615.333,153.0238,1133.0408,16.3064,128.8302,13.4788,0.0362,0.0128,0.0978,0.2182,0.4458,1.904,3.9398,6.0884,0.7358
100000,younger,further boosting high risk,80.0%,TP_low,1.75 (year),2.0 (year),1.5 - 3.0 years,58878.561,18662.343,112.3924,714.961,11.421,86.5604,7.8778,0.026,0.0118,0.1036,0.2076,0.4762,1.3728,2.1934,3.192,0.2944
100000,younger,further boosting high risk,80.0%,TP_low,2.0 (year),2.0 (year),1.5 - 3.0 years,57575.816,18018.144,95.8944,565.4728,9.6358,71.8444,6.0612,0.0268,0.0128,0.1062,0.2084,0.4514,1.3128,1.4626,2.2412,0.239
100000,younger,further boosting high risk,80.0%,TP_low,2.25 (year),2.0 (year),1.5 - 3.0 years,62093.13,20250.733,174.7842,1290.9838,17.558,137.6208,14.497,0.0296,0.0114,0.1178,0.2106,0.474,1.9654,3.9804,6.7278,0.98
100000,younger,further boosting high risk,80.0%,TP_low,2.5 (year),2.0 (year),1.5 - 3.0 years,62604.654,20454.067,184.38,1351.5682,18.227,141.1022,15.2532,0.0306,0.0098,0.1164,0.238,0.4894,2.0402,4.272,7.059,0.9978
100000,younger,further boosting high risk,80.0%,TP_low,1.75 (year),2.25 (year),1.5 - 3.0 years,61617.439,19934.129,148.4936,979.5234,14.5834,113.6968,10.1882,0.0286,0.0138,0.1226,0.2252,0.5158,1.6178,2.867,4.3262,0.4712
100000,younger,further boosting high risk,80.0%,TP_low,2.0 (year),2.25 (year),1.5 - 3.0 years,60664.744,19279.937,124.321,771.8426,12.9524,100.0146,8.233,0.0318,0.0124,0.1204,0.247,0.5246,1.4942,2.2296,3.2412,0.3318
100000,younger,further boosting high risk,80.0%,TP_low,2.25 (year),2.25 (year),1.5 - 3.0 years,60513.302,19024.405,115.7948,708.8288,11.6702,88.9302,7.459,0.0278,0.0108,0.1224,0.2362,0.4946,1.4468,1.7854,2.9472,0.3878
100000,younger,further boosting high risk,80.0%,TP_low,2.5 (year),2.25 (year),1.5 - 3.0 years,65665.727,21415.983,193.0746,1377.022,18.919,145.5712,15.2026,0.033,0.0142,0.1126,0.24,0.5276,2.1228,4.1032,7.0326,1.0166
100000,younger,further boosting high risk,80.0%,TP_low,1.75 (year),2.5 (year),1.5 - 3.0 years,64701.181,21118.373,175.8556,1110.231,16.9026,126.143,11.5032,0.023,0.0112,0.1204,0.2242,0.5366,1.6994,3.184,5.064,0.6404
100000,younger,further boosting high risk,80.0%,TP_low,2.0 (year),2.5 (year),1.5 - 3.0 years,64949.228,20911.887,153.3892,930.75,14.8426,111.057,9.2314,0.0258,0.014,0.1214,0.242,0.5158,1.5134,2.5174,3.8386,0.443
100000,younger,further boosting high risk,80.0%,TP_low,2.25 (year),2.5 (year),1.5 - 3.0 years,70264.524,22144.063,139.801,821.5212,13.7778,98.1666,8.5564,0.0314,0.0148,0.1042,0.238,0.4914,1.4964,2.2464,3.4614,0.4724
100000,younger,further boosting high risk,80.0%,TP_low,2.5 (year),2.5 (year),1.5 - 3.0 years,69276.812,21837.274,139.4416,895.982,13.5874,97.7764,9.4936,0.025,0.0114,0.0954,0.1974,0.4356,1.4086,2.3794,4.2988,0.642
100000,younger,further boosting random,80.0%,TP_low,1.75 (year),1.5 (year),1.5 - 3.0 years,92285.575,28749.753,198.4508,1351.6712,20.7058,158.7994,15.469,0.041,0.0144,0.118,0.2296,0.5106,2.3024,4.7048,6.8326,0.7156
100000,younger,further boosting random,80.0%,TP_low,2.0 (year),1.5 (year),1.5 - 3.0 years,92100.399,28748.059,199.3738,1338.5622,20.6676,156.013,15.2398,0.0384,0.0118,0.1158,0.23,0.5002,2.2538,4.6294,6.746,0.7144
100000,younger,further boosting random,80.0%,TP_low,2.25 (year),1.5 (year),1.5 - 3.0 years,89508.248,27970.745,194.5424,1332.6638,20.5988,158.0946,15.2152,0.0382,0.0144,0.117,0.223,0.5018,2.2644,4.6104,6.7334,0.7126
100000,younger,further boosting random,80.0%,TP_low,2.5 (year),1.5 (year),1.5 - 3.0 years,86757.966,27089.551,188.8184,1330.0692,20.3388,159.8658,15.8036,0.041,0.0178,0.1118,0.2532,0.5426,2.362,4.8524,6.9282,0.6946
100000,younger,further boosting random,80.0%,TP_low,1.75 (year),1.75 (year),1.5 - 3.0 years,80428.148,25438.448,188.4904,1242.0536,18.6468,134.8994,13.6854,0.0348,0.0126,0.1068,0.1998,0.4314,1.9416,3.97,6.2246,0.7638
100000,younger,further boosting random,80.0%,TP_low,2.0 (year),1.75 (year),1.5 - 3.0 years,76338.656,24341.017,187.6924,1291.6606,18.4586,138.2746,13.9578,0.04,0.0144,0.1068,0.2224,0.4536,1.9692,4.0114,6.368,0.772
100000,younger,further boosting random,80.0%,TP_low,2.25 (year),1.75 (year),1.5 - 3.0 years,72324.641,23133.033,180.6772,1248.6744,17.8672,136.538,13.6614,0.0352,0.0154,0.102,0.2208,0.4468,1.9092,3.9698,6.1772,0.785
100000,younger,further boosting random,80.0%,TP_low,2.5 (year),1.75 (year),1.5 - 3.0 years,71573.829,22894.588,178.174,1214.699,17.7522,134.1556,13.6996,0.037,0.0108,0.1098,0.213,0.4382,1.931,3.972,6.2094,0.7784
100000,younger,further boosting random,80.0%,TP_low,1.75 (year),2.0 (year),1.5 - 3.0 years,60465.398,19602.406,167.4778,1239.0122,17.4808,135.3042,14.3494,0.0286,0.0106,0.1048,0.2098,0.4432,1.9342,4.0164,6.705,0.8968
100000,younger,further boosting random,80.0%,TP_low,2.0 (year),2.0 (year),1.5 - 3.0 years,59581.209,19284.465,164.5538,1220.5716,17.0122,133.7834,14.1756,0.0312,0.0118,0.096,0.2158,0.4402,1.8876,3.9732,6.5732,0.9466
100000,younger,further boosting random,80.0%,TP_low,2.25 (year),2.0 (year),1.5 - 3.0 years,62668.564,20477.747,180.781,1345.3958,18.8166,147.0282,15.6922,0.0324,0.017,0.1152,0.2306,0.5084,2.1586,4.3688,7.2584,1.0028
100000,younger,further boosting random,80.0%,TP_low,2.5 (year),2.0 (year),1.5 - 3.0 years,62933.061,20562.067,181.3342,1350.1452,18.5948,146.8894,15.5702,0.0274,0.0108,0.12,0.2422,0.469,2.0814,4.387,7.2316,1.0008
100000,younger,further boosting random,80.0%,TP_low,1.75 (year),2.25 (year),1.5 - 3.0 years,63351.018,20733.578,194.661,1404.9916,18.9426,146.092,15.4718,0.0352,0.011,0.1172,0.2374,0.4732,2.0782,4.2088,7.2566,1.0542
100000,younger,further boosting random,80.0%,TP_low,2.0 (year),2.25 (year),1.5 - 3.0 years,62793.806,20423.513,186.9344,1358.2338,18.0072,139.428,14.699,0.0276,0.0124,0.1138,0.2112,0.4896,1.9232,4.0164,6.859,1.0458
100000,younger,further boosting random,80.0%,TP_low,2.25 (year),2.25 (year),1.5 - 3.0 years,62397.395,20259.034,184.243,1346.9888,17.931,138.4828,14.548,0.0284,0.0142,0.1056,0.2158,0.463,1.9116,3.9252,6.8462,1.038
100000,younger,further boosting random,80.0%,TP_low,2.5 (year),2.25 (year),1.5 - 3.0 years,66049.894,21610.862,199.4248,1433.6786,19.8786,153.2414,16.212,0.0316,0.0156,0.1286,0.2502,0.5254,2.1994,4.473,7.5276,1.0606
100000,younger,further boosting random,80.0%,TP_low,1.75 (year),2.5 (year),1.5 - 3.0 years,71362.777,23149.686,200.4892,1354.08,19.98,150.527,14.8418,0.0298,0.0104,0.115,0.2378,0.4896,1.9782,4.1118,6.921,0.9482
100000,younger,further boosting random,80.0%,TP_low,2.0 (year),2.5 (year),1.5 - 3.0 years,71303.603,23063.958,196.8598,1324.7228,19.6516,149.319,14.6486,0.032,0.0094,0.1024,0.2292,0.5072,1.9712,4.0774,6.7744,0.9454
100000,younger,further boosting random,80.0%,TP_low,2.25 (year),2.5 (year),1.5 - 3.0 years,73688.755,23703.19,193.8224,1319.2808,19.54,148.0626,14.246,0.0238,0.0158,0.105,0.2198,0.4482,1.9094,3.9938,6.647,0.8832
100000,younger,further boosting random,80.0%,TP_low,2.5 (year),2.5 (year),1.5 - 3.0 years,73575.53,23617.812,190.937,1306.3216,19.2796,146.5746,14.177,0.03,0.0116,0.101,0.2256,0.4404,1.909,3.965,6.6278,0.8666
100000,older,no further boosting,80.0%,TP_high,never,1.5 (year),1.5 - 3.0 years,161264.063,50983.74,404.6366,3481.504,37.6856,297.541,39.75,0.027,0.0072,0.0538,0.1376,0.4404,3.0658,10.1732,19.6036,6.2414
100000,older,no further boosting,80.0%,TP_high,never,1.75 (year),1.5 - 3.0 years,148536.191,48601.076,439.2746,3874.4144,42.288,340.9604,45.171,0.0292,0.0058,0.0664,0.1716,0.5738,3.6322,11.6768,22.1232,6.892
100000,older,no further boosting,80.0%,TP_high,never,2.0 (year),1.5 - 3.0 years,148313.079,49934.118,499.8156,4208.0992,49.277,365.8064,47.649,0.036,0.0104,0.0944,0.2348,0.6304,3.9586,12.5378,23.1586,6.988
100000,older,no further boosting,80.0%,TP_high,never,2.25 (year),1.5 - 3.0 years,130789.51,43187.066,410.7676,3610.706,38.4804,311.8714,42.2998,0.0284,0.0072,0.069,0.1608,0.513,3.4536,10.9794,20.6056,6.4828
100000,older,no further boosting,80.0%,TP_high,never,2.5 (year),1.5 - 3.0 years,143409.931,48398.533,490.7182,4243.9362,48.3544,396.0872,48.9646,0.033,0.0108,0.0984,0.2202,0.6908,4.2644,13.1726,23.295,7.1794
100000,older,further boosting pediatric,80.0%,TP_high,1.75 (year),1.5 (year),1.5 - 3.0 years,156097.452,49670.909,401.3752,3491.899,37.8674,301.0882,40.0196,0.0284,0.0052,0.048,0.139,0.456,3.0952,10.2744,19.772,6.2014
100000,older,further boosting pediatric,80.0%,TP_high,2.0 (year),1.5 (year),1.5 - 3.0 years,155208.297,49565.026,403.5788,3515.3382,38.4484,308.446,40.3988,0.031,0.0042,0.0514,0.1166,0.4548,3.1456,10.4416,19.9646,6.189
100000,older,further boosting pediatric,80.0%,TP_high,2.25 (year),1.5 (year),1.5 - 3.0 years,156304.858,49897.922,404.8712,3511.6074,39.0534,309.423,40.2876,0.0294,0.0034,0.0558,0.1364,0.457,3.152,10.5368,19.743,6.1738
100000,older,further boosting pediatric,80.0%,TP_high,2.5 (year),1.5 (year),1.5 - 3.0 years,154776.712,49204.463,395.0846,3445.9852,37.4252,298.9328,39.502,0.0302,0.0078,0.054,0.1342,0.4454,3.0806,10.2314,19.3818,6.1366
100000,older,further boosting pediatric,80.0%,TP_high,1.75 (year),1.75 (year),1.5 - 3.0 years,144863.086,47662.33,439.2796,3890.5086,42.9714,348.475,45.7664,0.0296,0.0048,0.0774,0.1774,0.5718,3.6324,11.9108,22.3534,7.0088
100000,older,further boosting pediatric,80.0%,TP_high,2.0 (year),1.75 (year),1.5 - 3.0 years,145979.342,48141.55,442.7198,3926.1412,43.2302,349.2992,46.0938,0.0322,0.0074,0.0698,0.1786,0.5546,3.7344,11.9364,22.4938,7.0866
100000,older,further boosting pediatric,80.0%,TP_high,2.25 (year),1.75 (year),1.5 - 3.0 years,144479.544,47834.255,441.9586,3934.1784,43.4504,349.4506,46.343,0.0318,0.0082,0.078,0.1764,0.5642,3.7184,12.0552,22.698,7.0128
100000,older,further boosting pediatric,80.0%,TP_high,2.5 (year),1.75 (year),1.5 - 3.0 years,144008.101,47588.598,438.1172,3897.4952,42.816,346.9168,45.852,0.0298,0.0076,0.0746,0.184,0.5614,3.6356,11.9446,22.4278,6.9866
100000,older,further boosting pediatric,80.0%,TP_high,1.75 (year),2.0 (year),1.5 - 3.0 years,144135.914,48827.424,498.7364,4329.0048,49.0752,380.6718,48.1246,0.0316,0.0068,0.093,0.227,0.6902,4.063,12.5292,23.4148,7.069
100000,older,further boosting pediatric,80.0%,TP_high,2.0 (year),2.0 (year),1.5 - 3.0 years,144727.313,48996.279,498.1972,4319.9746,49.0302,379.5644,48.1662,0.0268,0.0048,0.0892,0.2168,0.645,4.1182,12.444,23.4578,7.1636
100000,older,further boosting pediatric,80.0%,TP_high,2.25 (year),2.0 (year),1.5 - 3.0 years,143317.979,48709.798,492.56,4210.0546,48.6474,366.5202,47.2714,0.0334,0.0094,0.0906,0.2074,0.6532,3.9432,12.4584,22.9202,6.9556
100000,older,further boosting pediatric,80.0%,TP_high,2.5 (year),2.0 (year),1.5 - 3.0 years,141992.714,48396.946,491.6656,4238.1546,48.3466,370.9942,47.4252,0.0284,0.0062,0.0884,0.21,0.6464,3.976,12.4264,23.0352,7.0082
100000,older,further boosting pediatric,80.0%,TP_high,1.75 (year),2.25 (year),1.5 - 3.0 years,124872.002,41774.806,414.7304,3667.8624,39.7388,322.135,42.2166,0.0208,0.0052,0.0624,0.1568,0.5348,3.4612,10.9442,20.6326,6.3986
100000,older,further boosting pediatric,80.0%,TP_high,2.0 (year),2.25 (year),1.5 - 3.0 years,125450.905,41907.981,414.1462,3652.0432,39.5692,321.8616,42.1822,0.0254,0.0066,0.0644,0.1642,0.5338,3.4742,10.8624,20.6724,6.3788
100000,older,further boosting pediatric,80.0%,TP_high,2.25 (year),2.25 (year),1.5 - 3.0 years,127202.099,42263.411,411.0242,3615.7322,39.2012,315.5012,41.7954,0.025,0.006,0.061,0.1554,0.5262,3.3934,10.7172,20.5088,6.4024
100000,older,further boosting pediatric,80.0%,TP_high,2.5 (year),2.25 (year),1.5 - 3.0 years,130340.076,43054.852,410.5796,3596.997,38.6782,311.2476,41.7058,0.0244,0.0056,0.0684,0.1596,0.5308,3.3808,10.7878,20.3396,6.4088
100000,older,further boosting pediatric,80.0%,TP_high,1.75 (year),2.5 (year),1.5 - 3.0 years,138188.776,47125.887,492.3986,4192.6588,46.6756,374.7008,48.407,0.0298,0.0062,0.0952,0.237,0.6804,4.1574,12.7912,23.339,7.0708
100000,older,further boosting pediatric,80.0%,TP_high,2.0 (year),2.5 (year),1.5 - 3.0 years,138359.569,47107.024,493.9368,4207.2186,46.9884,375.1594,48.5956,0.0384,0.0058,0.1018,0.2302,0.6898,4.2424,12.7514,23.398,7.1378
100000,older,further boosting pediatric,80.0%,TP_high,2.25 (year),2.5 (year),1.5 - 3.0 years,138735.732,47155.874,490.9292,4178.7996,46.8596,375.9588,48.4406,0.0342,0.0062,0.097,0.2296,0.6882,4.1674,12.758,23.3478,7.1122
100000,older,further boosting pediatric,80.0%,TP_high,2.5 (year),2.5 (year),1.5 - 3.0 years,139781.036,47417.312,489.3328,4176.9572,47.0544,380.4364,48.7276,0.0344,0.0088,0.0994,0.2458,0.7118,4.1916,12.8154,23.3276,7.2928
100000,older,further boosting high risk,80.0%,TP_high,1.75 (year),1.5 (year),1.5 - 3.0 years,155922.639,48724.821,350.1278,2952.2302,34.894,274.188,34.751,0.0274,0.0062,0.0658,0.144,0.4624,3.1976,9.4028,16.3106,5.1342
100000,older,further boosting high risk,80.0%,TP_high,2.0 (year),1.5 (year),1.5 - 3.0 years,154889.069,48129.413,336.9752,2842.391,34.1692,270.2944,34.0402,0.0334,0.0066,0.0574,0.1512,0.4838,3.3048,9.2792,15.7692,4.9546
100000,older,further boosting high risk,80.0%,TP_high,2.25 (year),1.5 (year),1.5 - 3.0 years,156116.507,48531.767,348.3314,2987.8944,35.0976,276.4656,35.918,0.031,0.009,0.0696,0.1444,0.4894,3.3462,9.6402,16.8508,5.3374
100000,older,further boosting high risk,80.0%,TP_high,2.5 (year),1.5 (year),1.5 - 3.0 years,153475.977,48222.699,374.2614,3343.526,37.1208,296.745,39.9704,0.0268,0.0074,0.056,0.1464,0.4456,3.2154,10.508,19.446,6.1188
100000,older,further boosting high risk,80.0%,TP_high,1.75 (year),1.75 (year),1.5 - 3.0 years,144765.669,46414.113,351.4522,2926.984,35.898,287.0418,34.9878,0.0358,0.0076,0.0832,0.1902,0.5758,3.8,9.7568,15.6038,4.9346
100000,older,further boosting high risk,80.0%,TP_high,2.0 (year),1.75 (year),1.5 - 3.0 years,146106.469,47211.54,395.749,3459.9206,39.6584,318.2198,41.2918,0.0376,0.01,0.0822,0.1818,0.58,3.8274,11.0842,19.3764,6.1122
100000,older,further boosting high risk,80.0%,TP_high,2.25 (year),1.75 (year),1.5 - 3.0 years,144588.933,46542.899,384.4548,3377.2792,38.2752,307.5842,40.0658,0.0374,0.0092,0.0804,0.1836,0.599,3.7084,10.7738,18.7588,5.9152
100000,older,further boosting high risk,80.0%,TP_high,2.5 (year),1.75 (year),1.5 - 3.0 years,143718.737,46423.964,395.7474,3493.705,39.3242,315.5696,41.8318,0.0358,0.007,0.0856,0.1926,0.587,3.794,11.0448,19.8122,6.2728
100000,older,further boosting high risk,80.0%,TP_high,1.75 (year),2.0 (year),1.5 - 3.0 years,144186.905,47338.308,371.358,2746.7896,37.849,290.178,30.501,0.029,0.0084,0.0996,0.2288,0.677,4.1434,8.905,12.4878,3.922
100000,older,further boosting high risk,80.0%,TP_high,2.0 (year),2.0 (year),1.5 - 3.0 years,145005.522,47803.271,398.7538,3152.024,39.8664,311.1122,34.7252,0.0302,0.0078,0.0942,0.2102,0.6842,4.0812,9.6516,15.3136,4.6522
100000,older,further boosting high risk,80.0%,TP_high,2.25 (year),2.0 (year),1.5 - 3.0 years,142963.523,47786.775,457.8064,4063.746,44.9066,359.5624,44.939,0.028,0.0072,0.097,0.2218,0.663,3.9274,11.6732,21.6834,6.638
100000,older,further boosting high risk,80.0%,TP_high,2.5 (year),2.0 (year),1.5 - 3.0 years,141550.698,47203.354,451.688,3961.1868,44.3778,356.578,44.267,0.028,0.009,0.0874,0.2228,0.6542,3.9406,11.3428,21.3706,6.6116
100000,older,further boosting high risk,80.0%,TP_high,1.75 (year),2.25 (year),1.5 - 3.0 years,124757.93,40073.752,295.3176,2370.9076,30.9186,248.5032,28.5386,0.0304,0.0064,0.0838,0.1716,0.5762,3.7024,8.2968,11.8484,3.8226
100000,older,further boosting high risk,80.0%,TP_high,2.0 (year),2.25 (year),1.5 - 3.0 years,125473.568,40197.545,297.14,2422.3006,31.1416,249.8128,29.1766,0.0288,0.0086,0.075,0.1862,0.5754,3.6376,8.3288,12.4676,3.8686
100000,older,further boosting high risk,80.0%,TP_high,2.25 (year),2.25 (year),1.5 - 3.0 years,127236.846,41051.247,325.676,2731.6838,33.515,268.1014,32.5676,0.0228,0.0072,0.0662,0.1688,0.5354,3.588,9.089,14.5548,4.5354
100000,older,further boosting high risk,80.0%,TP_high,2.5 (year),2.25 (year),1.5 - 3.0 years,130280.354,42994.097,409.5092,3644.8708,39.3584,325.4524,41.9184,0.0258,0.0072,0.0558,0.1468,0.5178,3.4064,10.9046,20.5332,6.3208
100000,older,further boosting high risk,80.0%,TP_high,1.75 (year),2.5 (year),1.5 - 3.0 years,138076.684,45505.447,380.823,3027.4572,39.5444,325.4078,34.9662,0.0318,0.008,0.0852,0.1992,0.721,4.387,10.2068,14.7754,4.5518
100000,older,further boosting high risk,80.0%,TP_high,2.0 (year),2.5 (year),1.5 - 3.0 years,138235.678,45554.242,373.9024,2983.8816,38.9846,317.7366,34.4568,0.0288,0.0096,0.0818,0.2108,0.6806,4.322,10.0684,14.6076,4.4472
100000,older,further boosting high risk,80.0%,TP_high,2.25 (year),2.5 (year),1.5 - 3.0 years,138868.926,45531.99,369.3096,2975.1524,38.279,315.0266,34.3,0.0266,0.0082,0.091,0.1996,0.6762,4.239,9.9228,14.6294,4.5072
100000,older,further boosting high risk,80.0%,TP_high,2.5 (year),2.5 (year),1.5 - 3.0 years,139793.244,46166.504,402.1414,3246.2532,39.7644,322.1178,36.6148,0.0276,0.0076,0.0812,0.2016,0.6466,3.943,10.2554,16.382,5.0698
100000,older,further boosting random,80.0%,TP_high,1.75 (year),1.5 (year),1.5 - 3.0 years,151250.94,47972.348,383.9928,3370.5468,36.4724,293.1608,38.8456,0.029,0.006,0.0562,0.1214,0.4358,3.0326,10.0478,19.1686,5.9482
100000,older,further boosting random,80.0%,TP_high,2.0 (year),1.5 (year),1.5 - 3.0 years,149415.177,47380.708,380.5588,3327.2448,37.1602,296.2842,38.9122,0.0286,0.0068,0.0552,0.133,0.44,3.0312,10.1736,19.0336,6.0102
100000,older,further boosting random,80.0%,TP_high,2.25 (year),1.5 (year),1.5 - 3.0 years,152149.315,48211.822,386.3282,3354.1396,38.3194,299.2318,39.9396,0.0274,0.0052,0.0566,0.142,0.443,3.121,10.3606,19.5864,6.1974
100000,older,further boosting random,80.0%,TP_high,2.5 (year),1.5 (year),1.5 - 3.0 years,146813.033,46528.348,374.5908,3324.168,36.0132,291.7074,38.5866,0.0276,0.0054,0.052,0.1226,0.4226,3.0256,9.9378,19.025,5.968
100000,older,further boosting random,80.0%,TP_high,1.75 (year),1.75 (year),1.5 - 3.0 years,143653.788,46832.367,418.4398,3709.2398,41.4052,333.3798,44.0838,0.0322,0.009,0.0676,0.1722,0.5528,3.6064,11.4654,21.467,6.7112
100000,older,further boosting random,80.0%,TP_high,2.0 (year),1.75 (year),1.5 - 3.0 years,146383.969,48012.075,433.9884,3857.9454,42.737,344.8308,45.7022,0.0366,0.0086,0.0796,0.184,0.5802,3.7204,11.9652,22.189,6.9386
100000,older,further boosting random,80.0%,TP_high,2.25 (year),1.75 (year),1.5 - 3.0 years,144002.903,47308.422,429.1192,3825.8174,41.9784,339.5182,44.9508,0.0368,0.0084,0.0842,0.1906,0.5688,3.6702,11.68,21.9042,6.8076
100000,older,further boosting random,80.0%,TP_high,2.5 (year),1.75 (year),1.5 - 3.0 years,141437.874,46451.701,423.1496,3795.3562,41.6706,334.5886,45.2762,0.033,0.0078,0.0828,0.1884,0.5764,3.7518,11.7552,22.0186,6.8622
100000,older,further boosting random,80.0%,TP_high,1.75 (year),2.0 (year),1.5 - 3.0 years,141842.028,47484.571,468.7008,3991.9558,45.5884,359.4886,44.076,0.0294,0.0056,0.0792,0.2002,0.6372,3.8092,11.3594,21.5244,6.4314
100000,older,further boosting random,80.0%,TP_high,2.0 (year),2.0 (year),1.5 - 3.0 years,143153.516,47984.603,469.9496,4077.9206,45.8272,362.6682,44.6548,0.0312,0.0078,0.085,0.2166,0.6162,3.7668,11.4936,21.8764,6.5612
100000,older,further boosting random,80.0%,TP_high,2.25 (year),2.0 (year),1.5 - 3.0 years,136489.599,46365.782,469.348,4053.3024,46.3302,355.7228,45.7132,0.0278,0.0094,0.0864,0.2152,0.6252,3.8628,11.9426,22.2076,6.7362
100000,older,further boosting random,80.0%,TP_high,2.5 (year),2.0 (year),1.5 - 3.0 years,132728.766,45258.682,462.8934,4088.9258,45.383,355.6452,45.5934,0.0322,0.0094,0.092,0.2124,0.6266,3.8118,11.8826,22.2184,6.708
100000,older,further boosting random,80.0%,TP_high,1.75 (year),2.25 (year),1.5 - 3.0 years,120360.673,39931.276,389.1172,3470.9846,38.931,311.849,41.608,0.025,0.0066,0.0694,0.1772,0.5364,3.4776,10.7738,20.3128,6.2292
100000,older,further boosting random,80.0%,TP_high,2.0 (year),2.25 (year),1.5 - 3.0 years,123590.503,40698.668,385.314,3411.268,38.6272,312.9702,40.5618,0.024,0.007,0.0602,0.1632,0.519,3.4158,10.6316,19.6958,6.0452
100000,older,further boosting random,80.0%,TP_high,2.25 (year),2.25 (year),1.5 - 3.0 years,126474.952,41519.2,386.7978,3444.6222,37.6614,310.2806,39.7416,0.0222,0.0054,0.0672,0.1542,0.495,3.2576,10.383,19.3708,5.9862
100000,older,further boosting random,80.0%,TP_high,2.5 (year),2.25 (year),1.5 - 3.0 years,129957.743,42912.455,409.5644,3616.6938,39.0954,315.1534,41.6906,0.0222,0.0074,0.0634,0.1476,0.5234,3.3362,10.7492,20.5558,6.2854
100000,older,further boosting random,80.0%,TP_high,1.75 (year),2.5 (year),1.5 - 3.0 years,135305.1,45607.188,464.9682,3892.0376,45.514,374.7478,44.2,0.0342,0.0064,0.071,0.1896,0.6248,3.7912,11.8446,21.245,6.3932
100000,older,further boosting random,80.0%,TP_high,2.0 (year),2.5 (year),1.5 - 3.0 years,136112.467,45858.244,465.0186,3908.6164,44.3972,367.65,44.0952,0.0304,0.0082,0.089,0.204,0.619,3.859,11.7884,20.995,6.5022
100000,older,further boosting random,80.0%,TP_high,2.25 (year),2.5 (year),1.5 - 3.0 years,137783.939,46110.348,458.1886,3895.6772,42.5532,352.8072,43.388,0.0292,0.0088,0.0774,0.1984,0.6214,3.7164,11.5208,20.7402,6.4754
100000,older,further boosting random,80.0%,TP_high,2.5 (year),2.5 (year),1.5 - 3.0 years,139065.159,46644.841,465.3258,4007.0518,42.8632,347.71,44.5372,0.034,0.0102,0.087,0.211,0.6088,3.896,11.655,21.48,6.5552
100000,younger,no further boosting,80.0%,TP_high,never,1.5 (year),1.5 - 3.0 years,166169.005,44475.511,160.378,1038.507,15.47,115.7262,11.3784,0.0742,0.0102,0.077,0.1268,0.3326,1.7216,4.0358,4.6342,0.366
100000,younger,no further boosting,80.0%,TP_high,never,1.75 (year),1.5 - 3.0 years,144244.856,39929.64,175.9916,1215.4988,18.7108,148.8732,15.0606,0.0804,0.0148,0.0992,0.1708,0.4332,2.1676,5.1186,6.319,0.657
100000,younger,no further boosting,80.0%,TP_high,never,2.0 (year),1.5 - 3.0 years,150804.106,42615.345,202.5694,1393.4912,20.9426,162.3432,15.1848,0.0718,0.0168,0.1082,0.188,0.4596,2.2248,5.189,6.3706,0.556
100000,younger,no further boosting,80.0%,TP_high,never,2.25 (year),1.5 - 3.0 years,127929.832,35997.013,165.6744,1118.4392,17.1944,134.6554,13.6188,0.074,0.013,0.0892,0.1694,0.4072,2.0848,4.7976,5.5558,0.4278
100000,younger,no further boosting,80.0%,TP_high,never,2.5 (year),1.5 - 3.0 years,139819.471,40177.843,202.1522,1357.9232,21.0564,167.5002,15.633,0.0748,0.0162,0.1162,0.2106,0.5136,2.4486,5.4206,6.3056,0.5268
100000,younger,further boosting pediatric,80.0%,TP_high,1.75 (year),1.5 (year),1.5 - 3.0 years,161560.385,43453.114,160.8004,1056.2828,16.038,122.2958,11.5254,0.069,0.01,0.076,0.1408,0.316,1.709,4.1306,4.6958,0.3782
100000,younger,further boosting pediatric,80.0%,TP_high,2.0 (year),1.5 (year),1.5 - 3.0 years,159904.149,43089.988,160.9804,1058.1652,16.3864,126.4624,11.8448,0.074,0.0108,0.0728,0.1434,0.3436,1.7786,4.2114,4.8142,0.396
100000,younger,further boosting pediatric,80.0%,TP_high,2.25 (year),1.5 (year),1.5 - 3.0 years,160761.421,43320.111,161.0184,1054.9086,16.4778,127.4926,11.8692,0.072,0.009,0.0802,0.1424,0.346,1.7616,4.221,4.8462,0.3908
100000,younger,further boosting pediatric,80.0%,TP_high,2.5 (year),1.5 (year),1.5 - 3.0 years,160036.109,43080.783,159.3928,1045.3604,16.1408,124.0432,11.6546,0.0664,0.011,0.0742,0.1426,0.3348,1.7024,4.1686,4.7758,0.3788
100000,younger,further boosting pediatric,80.0%,TP_high,1.75 (year),1.75 (year),1.5 - 3.0 years,140641.391,39064.539,175.3268,1203.2526,17.4172,135.3602,14.1442,0.0738,0.0116,0.094,0.173,0.405,2.0338,4.757,5.9678,0.6282
100000,younger,further boosting pediatric,80.0%,TP_high,2.0 (year),1.75 (year),1.5 - 3.0 years,141329.892,39368.821,176.1764,1207.9592,17.4216,135.5314,14.2344,0.0814,0.0128,0.085,0.176,0.4066,2.0414,4.793,6.0132,0.625
100000,younger,further boosting pediatric,80.0%,TP_high,2.25 (year),1.75 (year),1.5 - 3.0 years,139725.004,39038.687,175.2562,1201.2672,16.9854,130.8506,13.6018,0.0708,0.0136,0.0884,0.15,0.3912,2.0178,4.5628,5.7064,0.6008
100000,younger,further boosting pediatric,80.0%,TP_high,2.5 (year),1.75 (year),1.5 - 3.0 years,140030.948,39055.875,174.7698,1202.2882,17.0714,131.0492,13.9054,0.0774,0.0112,0.0894,0.1634,0.3814,2.041,4.7008,5.8316,0.6092
100000,younger,further boosting pediatric,80.0%,TP_high,1.75 (year),2.0 (year),1.5 - 3.0 years,145820.419,41362.709,204.5336,1380.7416,21.3594,163.9132,15.8342,0.0756,0.0158,0.1234,0.221,0.512,2.2792,5.2998,6.7006,0.6068
100000,younger,further boosting pediatric,80.0%,TP_high,2.0 (year),2.0 (year),1.5 - 3.0 years,147214.08,41703.463,202.5558,1370.0752,21.4988,169.1572,15.6598,0.0824,0.0136,0.1122,0.2182,0.51,2.288,5.265,6.5932,0.5772
100000,younger,further boosting pediatric,80.0%,TP_high,2.25 (year),2.0 (year),1.5 - 3.0 years,146964.654,41823.346,202.744,1383.3334,21.4434,166.4238,15.4698,0.0756,0.0138,0.116,0.2014,0.506,2.2724,5.2372,6.4692,0.5782
100000,younger,further boosting pediatric,80.0%,TP_high,2.5 (year),2.0 (year),1.5 - 3.0 years,145370.706,41472.796,202.2728,1367.0742,21.3432,166.728,15.685,0.0714,0.0198,0.1232,0.2186,0.5116,2.2586,5.2986,6.6192,0.564
100000,younger,further boosting pediatric,80.0%,TP_high,1.75 (year),2.25 (year),1.5 - 3.0 years,121907.087,34612.279,166.7246,1121.7226,16.6884,130.333,12.5536,0.0646,0.0108,0.0854,0.1668,0.3852,1.9172,4.4396,5.1016,0.3824
100000,younger,further boosting pediatric,80.0%,TP_high,2.0 (year),2.25 (year),1.5 - 3.0 years,122902.694,34767.966,165.8906,1116.0822,16.4342,127.7914,12.563,0.0626,0.0086,0.083,0.16,0.375,1.9632,4.4118,5.1056,0.3932
100000,younger,further boosting pediatric,80.0%,TP_high,2.25 (year),2.25 (year),1.5 - 3.0 years,124561.731,35116.739,164.329,1099.2996,16.2298,124.7268,12.4396,0.0634,0.0106,0.0876,0.1542,0.3758,1.9164,4.386,5.0376,0.408
100000,younger,further boosting pediatric,80.0%,TP_high,2.5 (year),2.25 (year),1.5 - 3.0 years,127538.124,35899.499,165.3292,1109.0648,16.5956,127.297,12.9892,0.0698,0.0128,0.087,0.1644,0.375,2.0152,4.6244,5.2456,0.395
100000,younger,further boosting pediatric,80.0%,TP_high,1.75 (year),2.5 (year),1.5 - 3.0 years,134217.109,38861.399,202.9816,1361.0474,21.8632,174.8104,16.4838,0.0776,0.0164,0.1284,0.2262,0.5232,2.5462,5.7794,6.662,0.5244
100000,younger,further boosting pediatric,80.0%,TP_high,2.0 (year),2.5 (year),1.5 - 3.0 years,134902.299,38941.633,203.9048,1376.4338,22.0738,175.1114,16.7168,0.0782,0.0106,0.1362,0.2332,0.5554,2.6166,5.7712,6.7722,0.5432
100000,younger,further boosting pediatric,80.0%,TP_high,2.25 (year),2.5 (year),1.5 - 3.0 years,134776.232,38852.445,202.0082,1362.5864,21.8414,174.0628,16.4916,0.0762,0.0162,0.1268,0.233,0.5438,2.5454,5.777,6.6476,0.5256
100000,younger,further boosting pediatric,80.0%,TP_high,2.5 (year),2.5 (year),1.5 - 3.0 years,136404.096,39265.471,200.889,1354.0718,21.7024,172.9098,16.289,0.0846,0.015,0.1254,0.2246,0.5448,2.517,5.6334,6.6092,0.535
100000,younger,further boosting high risk,80.0%,TP_high,1.75 (year),1.5 (year),1.5 - 3.0 years,146997.612,39103.371,127.8508,826.7854,12.7338,99.0884,9.158,0.076,0.0124,0.073,0.1378,0.3472,1.4458,2.9982,3.7164,0.3512
100000,younger,further boosting high risk,80.0%,TP_high,2.0 (year),1.5 (year),1.5 - 3.0 years,143808.948,38015.883,120.7094,781.2546,12.197,94.1278,8.8214,0.074,0.0134,0.071,0.1478,0.364,1.425,2.8372,3.5384,0.3506
100000,younger,further boosting high risk,80.0%,TP_high,2.25 (year),1.5 (year),1.5 - 3.0 years,151916.428,40129.984,128.5,844.8518,12.9892,99.7972,9.2836,0.069,0.014,0.078,0.1384,0.357,1.575,3.1134,3.5956,0.3432
100000,younger,further boosting high risk,80.0%,TP_high,2.5 (year),1.5 (year),1.5 - 3.0 years,138789.524,37115.251,134.0692,922.2174,13.5084,108.423,10.5872,0.0718,0.0078,0.0674,0.1204,0.3102,1.5868,3.6984,4.3564,0.368
100000,younger,further boosting high risk,80.0%,TP_high,1.75 (year),1.75 (year),1.5 - 3.0 years,137833.652,37205.058,116.1722,666.2858,11.9456,92.9378,7.3816,0.0714,0.0114,0.0896,0.1732,0.432,1.8452,2.2922,2.299,0.1676
100000,younger,further boosting high risk,80.0%,TP_high,2.0 (year),1.75 (year),1.5 - 3.0 years,145038.596,39765.2,158.8018,1099.6868,16.0454,125.9068,12.3626,0.0818,0.0144,0.0984,0.185,0.434,1.8394,3.9328,5.2058,0.571
100000,younger,further boosting high risk,80.0%,TP_high,2.25 (year),1.75 (year),1.5 - 3.0 years,142674.003,38976.969,154.3656,1047.6624,15.3972,121.6446,11.9468,0.0852,0.017,0.1046,0.1898,0.436,1.8204,3.7028,5.0272,0.5638
100000,younger,further boosting high risk,80.0%,TP_high,2.5 (year),1.75 (year),1.5 - 3.0 years,134957.923,37006.278,154.129,1074.0856,15.8246,127.3892,12.2852,0.0782,0.0146,0.0922,0.1626,0.4338,1.949,3.883,5.0966,0.5752
100000,younger,further boosting high risk,80.0%,TP_high,1.75 (year),2.0 (year),1.5 - 3.0 years,137984.904,38196.886,128.5218,682.8264,13.4028,95.14,7.3682,0.0838,0.019,0.1346,0.2522,0.567,1.658,2.1326,2.3602,0.1608
100000,younger,further boosting high risk,80.0%,TP_high,2.0 (year),2.0 (year),1.5 - 3.0 years,143794.393,39677.928,139.6662,772.2462,13.8438,101.9562,8.0872,0.0814,0.0176,0.1198,0.2122,0.5116,2.123,2.2524,2.5012,0.268
100000,younger,further boosting high risk,80.0%,TP_high,2.25 (year),2.0 (year),1.5 - 3.0 years,131692.539,37515.711,177.2446,1216.1104,18.4626,144.9458,13.6992,0.0718,0.0128,0.0982,0.201,0.4612,2.0094,4.528,5.782,0.5348
100000,younger,further boosting high risk,80.0%,TP_high,2.5 (year),2.0 (year),1.5 - 3.0 years,122620.837,35101.49,171.63,1176.2134,17.8418,138.9242,13.6428,0.0738,0.0156,0.106,0.2008,0.4714,1.9904,4.4814,5.7456,0.5578
100000,younger,further boosting high risk,80.0%,TP_high,1.75 (year),2.25 (year),1.5 - 3.0 years,109226.015,30415.74,105.2704,600.0876,10.4882,80.6524,6.3364,0.0674,0.0162,0.1006,0.1988,0.4772,1.3502,1.8038,2.1648,0.1574
100000,younger,further boosting high risk,80.0%,TP_high,2.0 (year),2.25 (year),1.5 - 3.0 years,119612.27,32650.759,106.234,648.03,10.5592,81.8258,6.9926,0.0618,0.015,0.0954,0.173,0.4358,1.422,1.943,2.567,0.2796
100000,younger,further boosting high risk,80.0%,TP_high,2.25 (year),2.25 (year),1.5 - 3.0 years,122924.383,33639.867,117.0062,724.1116,11.9728,94.4036,8.1512,0.0666,0.0122,0.0894,0.1714,0.4242,1.843,2.2578,2.98,0.3066
100000,younger,further boosting high risk,80.0%,TP_high,2.5 (year),2.25 (year),1.5 - 3.0 years,126576.609,35614.983,163.5606,1109.9066,15.977,124.5596,12.0966,0.064,0.015,0.0804,0.1498,0.358,1.8138,4.2776,4.9398,0.3982
100000,younger,further boosting high risk,80.0%,TP_high,1.75 (year),2.5 (year),1.5 - 3.0 years,129860.664,36049.996,133.181,753.5616,13.1022,98.2308,8.3834,0.081,0.0214,0.1156,0.2194,0.523,1.6704,2.5156,3.0158,0.2212
100000,younger,further boosting high risk,80.0%,TP_high,2.0 (year),2.5 (year),1.5 - 3.0 years,130529.196,36753.379,138.496,804.7338,13.8428,107.3408,9.0338,0.0746,0.0224,0.1264,0.2448,0.5558,1.749,2.5688,3.3326,0.3594
100000,younger,further boosting high risk,80.0%,TP_high,2.25 (year),2.5 (year),1.5 - 3.0 years,132738.367,36875.637,130.4502,764.0498,13.0926,101.2762,8.4264,0.0712,0.0184,0.1154,0.225,0.5206,1.58,2.3996,3.1892,0.307
100000,younger,further boosting high risk,80.0%,TP_high,2.5 (year),2.5 (year),1.5 - 3.0 years,134721.708,37639.438,143.5368,825.0244,14.9116,113.8408,8.9974,0.0596,0.0116,0.114,0.204,0.4768,2.2354,2.641,2.9562,0.2988
100000,younger,further boosting random,80.0%,TP_high,1.75 (year),1.5 (year),1.5 - 3.0 years,156491.944,42034.972,154.39,1012.6646,15.65,120.7664,11.326,0.0702,0.0112,0.0706,0.138,0.3424,1.6292,4.026,4.6572,0.3812
100000,younger,further boosting random,80.0%,TP_high,2.0 (year),1.5 (year),1.5 - 3.0 years,154559.411,41545.381,153.5972,1008.4204,15.8906,123.8052,11.577,0.0688,0.0108,0.0758,0.146,0.3438,1.7408,4.0602,4.7374,0.3934
100000,younger,further boosting random,80.0%,TP_high,2.25 (year),1.5 (year),1.5 - 3.0 years,156992.232,42212.261,155.941,1025.4656,16.2048,126.4744,11.846,0.0646,0.0112,0.0702,0.1366,0.3564,1.7382,4.2216,4.8384,0.4088
100000,younger,further boosting random,80.0%,TP_high,2.5 (year),1.5 (year),1.5 - 3.0 years,151950.205,40849.98,150.2866,990.5186,15.3994,119.1238,11.2942,0.0658,0.0112,0.0732,0.136,0.324,1.6978,4.012,4.5998,0.3744
100000,younger,further boosting random,80.0%,TP_high,1.75 (year),1.75 (year),1.5 - 3.0 years,139568.344,38550.816,167.276,1149.8692,16.108,123.6424,12.817,0.0714,0.0152,0.0792,0.1552,0.3622,1.82,4.3014,5.465,0.5474
100000,younger,further boosting random,80.0%,TP_high,2.0 (year),1.75 (year),1.5 - 3.0 years,141822.565,39388.995,174.1434,1204.4872,17.1744,134.755,13.4538,0.0656,0.015,0.0894,0.1516,0.3888,1.9252,4.5188,5.714,0.5854
100000,younger,further boosting random,80.0%,TP_high,2.25 (year),1.75 (year),1.5 - 3.0 years,139278.934,38789.169,172.2866,1206.0184,17.5324,138.6394,13.6962,0.0682,0.013,0.0834,0.1578,0.4044,1.9038,4.5984,5.8596,0.6076
100000,younger,further boosting random,80.0%,TP_high,2.5 (year),1.75 (year),1.5 - 3.0 years,137545.872,38255.01,170.0556,1185.8622,16.7114,131.4768,13.2074,0.0708,0.0098,0.078,0.1494,0.3738,1.8564,4.4542,5.6088,0.6062
100000,younger,further boosting random,80.0%,TP_high,1.75 (year),2.0 (year),1.5 - 3.0 years,142752.03,40282.563,195.2286,1278.646,19.6938,147.4894,14.582,0.0812,0.0138,0.1112,0.2082,0.4708,2.1386,4.915,6.0682,0.575
100000,younger,further boosting random,80.0%,TP_high,2.0 (year),2.0 (year),1.5 - 3.0 years,145783.196,41064.968,193.7586,1288.3642,20.1632,153.6096,14.6894,0.0736,0.02,0.1172,0.198,0.479,2.1616,4.9358,6.1614,0.5428
100000,younger,further boosting random,80.0%,TP_high,2.25 (year),2.0 (year),1.5 - 3.0 years,143410.936,40857.262,198.1496,1340.4932,20.9366,161.6956,15.1808,0.0724,0.0164,0.1124,0.2062,0.4792,2.22,5.0386,6.4492,0.5864
100000,younger,further boosting random,80.0%,TP_high,2.5 (year),2.0 (year),1.5 - 3.0 years,140174.83,40045.022,196.1708,1313.9682,20.6172,156.395,15.089,0.078,0.018,0.1148,0.2106,0.4828,2.1886,5.0336,6.3862,0.5764
100000,younger,further boosting random,80.0%,TP_high,1.75 (year),2.25 (year),1.5 - 3.0 years,117974.623,33340.741,158.2444,1079.3364,16.6408,135.2234,12.5858,0.0612,0.0114,0.0864,0.1486,0.3894,1.9464,4.3596,5.1752,0.4076
100000,younger,further boosting random,80.0%,TP_high,2.0 (year),2.25 (year),1.5 - 3.0 years,121235.2,34031.878,156.539,1071.5252,16.032,127.5952,12.1864,0.0692,0.0132,0.0818,0.1536,0.3768,1.8464,4.2626,4.9962,0.3866
100000,younger,further boosting random,80.0%,TP_high,2.25 (year),2.25 (year),1.5 - 3.0 years,123518.253,34620.886,157.22,1063.1666,15.645,121.4416,11.8116,0.0656,0.0134,0.0814,0.1568,0.3548,1.7636,4.154,4.84,0.382
100000,younger,further boosting random,80.0%,TP_high,2.5 (year),2.25 (year),1.5 - 3.0 years,127007.671,35743.077,164.3458,1099.785,16.1856,124.1624,12.6386,0.0598,0.0142,0.0842,0.1512,0.3782,1.9656,4.487,5.1032,0.3952
100000,younger,further boosting random,80.0%,TP_high,1.75 (year),2.5 (year),1.5 - 3.0 years,131455.372,37786.055,191.8808,1265.7426,19.7932,158.553,14.5332,0.0642,0.014,0.1084,0.193,0.4694,2.1646,5.1178,5.9144,0.4874
100000,younger,further boosting random,80.0%,TP_high,2.0 (year),2.5 (year),1.5 - 3.0 years,132767.654,38152.871,194.709,1312.9258,20.1786,161.9388,15.306,0.0618,0.0152,0.1146,0.2124,0.49,2.322,5.3102,6.2312,0.5486
100000,younger,further boosting random,80.0%,TP_high,2.25 (year),2.5 (year),1.5 - 3.0 years,133432.059,38101.865,189.8648,1278.8992,19.7924,155.8112,15.0066,0.075,0.0156,0.121,0.2142,0.4814,2.2358,5.2664,6.0898,0.5074
100000,younger,further boosting random,80.0%,TP_high,2.5 (year),2.5 (year),1.5 - 3.0 years,135535.133,38766.425,192.3036,1296.693,20.643,163.7402,15.5968,0.0766,0.0162,0.1222,0.2214,0.4946,2.4214,5.408,6.328,0.5084
